Serie;URL Imagen;Plataforma;Tipo;Descripción;Rating Promedio
Breaking Bad;https://image.tmdb.org/t/p/w500/ztkUQFLlC19CCMYHW9o1zWhJRNq.jpg;Netflix;Drama;Un profesor de química con cáncer terminal se asocia con un exalumno suyo para fabricar y vender metanfetamina a fin de que su familia no pase apuros económicos.;8.9
Game of Thrones;https://image.tmdb.org/t/p/w500/z9gCSwIObDOD2BEtmUwfasar3xs.jpg;HBO Max;Drama;En una tierra donde los veranos duran décadas y los inviernos pueden durar toda una vida, los problemas acechan. Desde las maquinaciones del sur a las salvajes tierras del este, pasando por el helado norte y el milenario muro que protege el reino de las fuerzas tenebrosas, dos poderosas familias mantienen un enfrentamiento letal por gobernar los Siete Reinos de Poniente. Mientras la traición, la lujuria y las fuerzas sobrenaturales sacuden los pilares de los reinos, la sangrienta batalla por el trono de Hierro tendrá consecuencias imprevistas y trascendentales. El invierno se acerca. Que empiece 'Juego de tronos'.;8.5
Stranger Things;https://image.tmdb.org/t/p/w500/uOOtwVbSr4QDjAGIifLDwpb2Pdl.jpg;Netflix;Ciencia ficción;A raíz de la desaparición de un niño, un pueblo desvela un misterio relacionado con experimentos secretos, fuerzas sobrenaturales aterradoras y una niña muy extraña.;8.6
The Crown;https://image.tmdb.org/t/p/w500/1ZMVKJoWK5KfxaQA8BwpfOEYKKy.jpg;Netflix;Drama;Drama sobre las rivalidades políticas y los romances acaecidos durante el reinado de Isabel II, así como de los eventos que moldearían la segunda mitad del siglo XX.;8.2
The Mandalorian;https://image.tmdb.org/t/p/w500/iLg3DzrwCDsHNovNaWx5JnQAsiV.jpg;Disney+;Ciencia ficción;En el anárquico período tras el hundimiento del Imperio Galáctico, un cazarrecompensas con armadura conocido solo como El Mandaloriano emprende una misión bien remunerada aunque enigmática.;8.4
The Witcher;https://image.tmdb.org/t/p/w500/gvn0m0LCIslrURjSo7UG5Rx6mV2.jpg;Netflix;Fantasía;Geralt, un brujo que se dedica a cazar monstruos genéticamente modificados, busca su lugar en un mundo donde a menudo los humanos demuestran ser peores que las bestias.;8
Westworld;https://image.tmdb.org/t/p/w500/vRAFOKQ2JxOagiJZaGQxmqTY1yl.jpg;HBO Max;Ciencia ficción;Westworld está ambientada en un parque de atracciones futurista dirigido por el Doctor Robert Ford. Las instalaciones cuentan con androides cuya apariencia física es humana, y gracias a ellos los visitantes pueden introducirse en cualquier tipo de fantasía, por muy oscura que sea...;8
The Handmaid's Tale;https://image.tmdb.org/t/p/w500/kAHyUzUkFv8xgJARoWEdiz9LgeY.jpg;HBO Max;Drama;Para enfrentarse a una tasa de natalidad en declive, un régimen fundamentalista ha empezado a tratar a las mujeres como propiedades. Como una de las pocas mujeres fértiles que quedan, Defred es una criada, una más de la casta de mujeres forzadas a una servidumbre sexual para intentar repoblar el mundo.;8.2
Black Mirror;https://image.tmdb.org/t/p/w500/6nDRo824oyBwg1prOZHc8UtonVB.jpg;Netflix;Ciencia ficción;Las historias más retorcidas pueblan esta alucinante serie antológica que muestra los peores rasgos de la humanidad, sus mayores innovaciones y mucho más.;8.3
Ozark;https://image.tmdb.org/t/p/w500/8Q87HCPhj98Afc0XAHOuaLgTTpO.jpg;Netflix;Drama;Un asesor financiero arrastra a su familia de Chicago hasta Misuri con la misión de lavar 500 millones de dólares en cinco años para apaciguar a un capo de la droga.;8.2
Narcos;https://image.tmdb.org/t/p/w500/rTmal9fDbwh5F0waol2hq35U4ah.jpg;Netflix;Drama;La verdadera historia de los poderosos y violentos cárteles colombianos sirve de hilo conductor en esta serie dramática de mafiosos de gran realismo.;8.1
House of Cards;https://image.tmdb.org/t/p/w500/hKWxWjFwnMvkWQawbhvC0Y7ygQ8.jpg;Netflix;Drama;"El implacable y manipulador congresista Francis Underwood (Kevin Spacey), con la complicidad de su calculadora mujer (Robin Wright), maneja con gran destreza los hilos de poder en Washington. Su intención es ocupar la Secretaría de Estado del nuevo gobierno. Sabe muy bien que los medios de comunicación son vitales para conseguir su propósito, por lo que decide convertirse en la ""garganta profunda"" de la joven y ambiciosa periodista Zoe Barnes (Kate Mara), a la que ofrece exclusivas para desestabilizar y hundir a sus adversarios políticos. Nueva adaptación de la novela homónima de Michael Dobbs, en la que se basó una miniserie británica de 1990.";8
Peaky Blinders;https://image.tmdb.org/t/p/w500/zUqNyXRfYkFAFXsqJJjKMZpjYus.jpg;Netflix;Drama;Una familia de pandilleros asentada en Birmingham, Reino Unido, tras la Primera Guerra Mundial (1914-1918), dirige un local de apuestas hípicas. Las actividades del ambicioso jefe de la banda llaman la atención del Inspector jefe Chester Campbell, un detective de la Real Policía Irlandesa que es enviado desde Belfast para limpiar la ciudad y acabar con la banda.;8.5
Sherlock;https://image.tmdb.org/t/p/w500/cIfGAkpvWD2zxHrXzhv3uptYbyV.jpg;Netflix;Drama;En esta renovada versión de las historias de misterio de Arthur Conan Doyle, el excéntrico detective merodea por las calles del Londres de hoy en día en busca de pistas.;8.5
Fargo;https://image.tmdb.org/t/p/w500/6U9CPeD8obHzweikFhiLhpc7YBT.jpg;Movistar+;Drama;Un vendedor ve cómo su mundo cambia por completo con la llegada de un misterioso y salvaje desconocido. Serie basada en la película del mismo título de los hermanos Coen, que sin embargo presenta personajes diferentes y se ambienta en 2006.;8.3
Mindhunter;https://image.tmdb.org/t/p/w500/fbKE87mojpIETWepSbD5Qt741fp.jpg;Netflix;Drama;Un agente del FBI, experto en asesinos en serie, inventa técnicas de creación de perfiles mientras persigue a violadores y asesinos famosos.;8.1
Better Call Saul;https://image.tmdb.org/t/p/w500/zjg4jpK1Wp2kiRvtt5ND0kznako.jpg;Netflix;Drama;"Esta precuela de ""Breaking Bad"" nominada al Emmy narra la vida del picapleitos Jimmy McGill y su transformación en Saul Goodman, el abogado de moral laxa.";8.7
Dark;https://image.tmdb.org/t/p/w500/hRP7N2uI0pokxnkcMFONoOZnxbv.jpg;Netflix;Ciencia ficción;Tras la desaparición de un niño, cuatro familias desesperadas tratan de entender lo ocurrido a medida que van desvelando un retorcido misterio que abarca tres décadas.;8.4
La casa de papel;https://image.tmdb.org/t/p/w500/z01Dc0Ly2GmCpLe6Scx4d3dPP1S.jpg;Netflix;Drama;Un enigmático personaje llamado el Profesor planea algo grande: llevar a cabo el mayor atraco de la historia. Para ello recluta una banda de ocho personas que reúnen un único requisito, ninguno tiene nada que perder. Cinco meses de reclusión memorizando cada paso, cada detalle, cada probabilidad… y por fin, once días de encierro en la Fábrica Nacional de Moneda, rodeados de cuerpos de policía y con decenas de rehenes en su poder para saber si su apuesta suicida será todo o nada.;8.2
The Boys;https://image.tmdb.org/t/p/w500/5kgY14oisiHcJ4zq0Xgq1e97PHm.jpg;Amazon Prime Video;Acción;"La serie tiene lugar en un mundo en el que los superhéroes representan el lado oscuro de la celebridad y la fama. Un grupo de vigilantes que se hacen llamar ""The Boys"" decide hacer todo lo posible por frenar a los superhéroes que están perjudicando a la sociedad, independientemente de los riesgos que ello conlleva.";8.5
Loki;https://image.tmdb.org/t/p/w500/53aonG0QS3ynbYuuwhPtyoOwTDD.jpg;Disney+;Acción;"Loki es llevado ante la misteriosa organización llamada AVT (Autoridad de Variación Temporal) después de los acontecimientos  ocurridos en  ""Avengers: Endgame (2019)"" y  se le da a elegir  enfrentarse a ser borrado de la existencia debido a que es una ""variante de tiempo"" o ayudar a arreglar la línea de tiempo y detener una amenaza mayor.";8.2
WandaVision;https://image.tmdb.org/t/p/w500/j2VeSZ7tncd2p8z1CeMnxbxK76b.jpg;Disney+;Comedia;Combinando el estilo clásico de las sitcoms con el MCU (Universo Cinematográfico de Marvel), cuenta la historia Wanda Maximoff y Vision, dos seres con superpoderes que viven una vida idílica en las afueras de una ciudad hasta que un día comienzan a sospechar que no todo es lo que parece.;8.2
The Queen's Gambit;https://image.tmdb.org/t/p/w500/3Skm8boxLsoQZK9xq2chf0rQHfF.jpg;Netflix;Drama;Kentucky, años 50. En el orfanato, una chica descubre que posee un talento extraordinario para el ajedrez mientras intenta superar una adicción.;8.5
Chernobyl;https://image.tmdb.org/t/p/w500/hlLXt2tOPT6RRnjiUmoxyG1LTFi.jpg;HBO Max;Drama;En Abril de 1986, la Central Nuclear de Chernóbil en Ucrania (en aquel entonces, la Unión Soviética), sufrió una explosión masiva que liberó material radioactivo en Bielorrusia, Rusia, Ucrania, así como en zonas de Escandinavia y Europa Central. La serie relata lo que aconteció en 1986, en uno de los mayores desastres provocados por el hombre en la historia reciente, así como los sacrificios realizados para salvar al continente de un desastre sin precedentes.;8.7
Succession;https://image.tmdb.org/t/p/w500/xyHasySw0HQ4ndRWHvrpRTAsWXd.jpg;HBO Max;Drama;La serie gira en torno a la vida de la familia Roy. Son multimillonarios y poderosos, tienen todo lo que ansían, salvo vida familiar. Son dueños de una de la compañías de comunicaciones más exitosas del mundo. Su objetivo principal es hacer que el imperio crezca y, para ello, las lealtades se pondrán en juego.;8.3
The Office (US);https://image.tmdb.org/t/p/w500/5uwetbr0X8BPRy3Wmh63S9EhsiY.jpg;Netflix;Comedia;Steve Carell protagoniza The Office, un fresco y divertido vistazo, con formato pseudo-documental, al día a día en la vida de unos excéntricos trabajadores de la empresa Dunder Mifflin. El serio pero despistadísimo director Michael Scott se considera un magnífico jefe y mentor, pero realmente inspira más críticas que respeto a sus empleados.;8.6
Friends;https://image.tmdb.org/t/p/w500/rkKCSlr8OH5tbKEdgwtzvEiemrl.jpg;HBO Max;Comedia;Las aventuras de seis jóvenes neoyorquinos unidos por una divertida amistad. Entre el amor, el trabajo y la familia, comparten sus alegrías y preocupaciones en el Central Perk, su café favorito.;8.4
The Simpsons;https://image.tmdb.org/t/p/w500/gpGPI732PWspwGpPyWrWov8IYmq.jpg;HBO Max;Comedia;El día a día de una peculiar familia formada por Homer, Marge, Bart, Maggie y Lisa Simpson y otros divertidos personajes de la localidad norteamericana de Springfield. Homer, el padre, es un desastroso inspector de seguridad de una central nuclear. Marge, la madre, es un ama de casa acostumbrada a soportar a su peculiar familia. Bart, de diez años, intenta divertirse con travesuras de todo tipo. Lisa es la más inteligente de la familia, y Maggie, la más pequeña, es un bebé que todavía no habla, pero que juega un importante papel.;8
Rick and Morty;https://image.tmdb.org/t/p/w500/5Yiep9EwcQgLolg013ETBVqHxuD.jpg;HBO Max;Ciencia ficción;Comedia animada que narra las aventuras de un científico loco Rick Sánchez, que regresa después de 20 años para vivir con su hija, su marido y sus hijos Morty y Summer.;8.7
The Walking Dead;https://image.tmdb.org/t/p/w500/hUblG1KZCTRpHc3wqqoU0DW98Q3.jpg;HBO Max;Terror;"""The Walking Dead"" está ambientada en un futuro apocalíptico con la Tierra devastada por el efecto de un cataclismo, que ha provocado la mutación en zombies de la mayor parte de los habitantes del planeta. La serie, explora las dificultades de los protagonistas para sobrevivir en un mundo poblado por el horror, así como las relaciones personales que se establecen entre ellos, en ocasiones también una amenaza para su supervivencia.";8.1
Grey's Anatomy;https://image.tmdb.org/t/p/w500/Vt21VzSNU9qv1eVYw9w0eUQg6N.jpg;Disney+;Drama;La vida de Meredith Grey no es nada fácil. Intenta tomar las riendas de su vida, aunque su trabajo sea de esos que te hacen la vida imposible. Meredith es una cirujana interna de primer año en el Hospital Grace de Seattle, el programa de prácticas más duro de la Facultad de Medicina de Harvard. Y ella lo va a comprobar. Pero no estará sola. Un elenco de compañeros de promoción tendrán que superar la misma prueba. Ahora están en el mundo real, son doctores del hospital. Y en un mundo donde la experiencia en el trabajo puede ser un factor de vida o muerte, todos ellos tendrán que lidiar con los altibajos de sus vidas personales.;8.2
Lost;https://image.tmdb.org/t/p/w500/47RazdqbtMmDxKHskObbHkc2D3o.jpg;Amazon Prime Video;Drama;Historia de un variopinto grupo de supervivientes de un accidente de aviación en una isla del Pacífico aparentemente desierta, una isla en la que suceden cosas muy extrañas. Luchando por la supervivencia, casi medio centenar de personas mostrarán lo mejor y lo peor de sí mismas.;7.9
Dexter;https://image.tmdb.org/t/p/w500/q8dWfc4JwQuv3HayIZeO84jAXED.jpg;Paramount+;Drama;Serie de suspense que narra la historia de un hombre extraño llamado Dexter Morgan. Cuando era niño, Dexter fue maltratado y abandonado por sus padres, ahora es un exitoso e importante forense patológico... pero bajo su carismática personalidad, se esconde una terrible verdad. Dexter ha canalizado sus innatas necesidades homicidas en una segunda profesión que guarda celosamente en secreto: buscar, dar caza y asesinar brutalmente a despiadados criminales.;8.2
True Detective;https://image.tmdb.org/t/p/w500/4XMpDLyu2xOeuKxl4qEQtwSrDac.jpg;HBO Max;Drama;"True Detective es una serie de televisión estadounidense dramática de género policíaco, protagonizada en su primera temporada por los actores estadounidenses Matthew McConaughey y Woody Harrelson; la serie se estrenó en Estados Unidos y América Latina el 12 de enero de 2014 por HBO. La serie sigue un formato de antología, así queen cada temporada contará una historia diferente con un elenco de personajes distintos.";8.3
Homeland;https://image.tmdb.org/t/p/w500/6GAvS2e6VIRsms9FpVt33PsCoEW.jpg;Amazon Prime Video;Drama;El sargento de la Marina Nicholas Brody regresa a casa ocho años después de su desaparición en Irak, donde vivió encarcelado y sometido a tortura. Finalmente, un comando de las fuerzas especiales lo localiza durante una misión. La joven Carrie Mathison, una impulsiva e intuitiva agente de la CIA, sospecha que Brody se ha pasado al enemigo durante su cautiverio, pues unos meses antes un terrorista condenado a muerte le habló de un soldado norteamericano que había cambiado de bando.;7.6
The Big Bang Theory;https://image.tmdb.org/t/p/w500/2bDQWCvFxRGhdvThTJvVxueEoLl.jpg;Movistar+;Comedia;Leonard y Sheldon son dos físicos superdotados que comparten piso. Ambos son capaces de calcular las probabilidades de existencia de vida en otros planetas, pero son incapaces de relacionarse con los demás y especialmente con las chicas. Penny, su nueva vecina, es el polo opuesto a ellos, por lo que su llegada al edificio alterará la tranquila vida sentimental de Leonard y el desorden obsesivo-compulsivo de Sheldon.;7.9
Modern Family;https://image.tmdb.org/t/p/w500/5kyZP827ukq6auRpYApZ2rDQtHP.jpg;Disney+;Comedia;Narrada desde la perspectiva de un documental, la serie ofrece un panorama honesto y divertido sobre la vida de varias familias, en donde se presentan la relación entre padres e hijos, diferencias generacionales y culturales.;7.9
Mad Men;https://image.tmdb.org/t/p/w500/ue7dKL8gNcvWwfs6kZ6Jqhmq2EY.jpg;Amazon Prime Video;Drama;Lo que eres, lo que quieres o lo que amas, no importa. Se trata todo de como lo vendes. Creada por el productor y guionista de Los Soprano, Matthew Weiner, Mad Men, es una provocativa serie acerca de como vender la verdad. Ambientada en el Nueva York de los años 60, la serie gira en torno a las vidas de unos hombres y mujeres sin piedad y muy competitivos que trabajan en el mundo de la publicidad, ubicado en Madison Avenue, un mundo guiado por el ego y el amor propio de sus protagonistas, acostumbrados a hacer un arte de la venta mientras sus vidas privadas quedan bastante apartadas de sus prioridades. La serie refleja además de forma auténtica y realista los roles de hombres y mujeres en esta época, mientras exploran la verdadera naturaleza humana bajo la fachada de los valores familiares tradicionales de la década de los sesenta.;8.1
Community;https://image.tmdb.org/t/p/w500/3KUjDt8XY7w2Ku70UE0SECmv1zP.jpg;Netflix;Comedia;Un grupo de adultos inadaptados asisten a la Universidad Comunitaria de Greendale, en el grupo destaca Jeff Winger, un abogado carismático y sin escrúpulos cuyo título universitario ha sido invalidado. Con la ayuda de sus pintorescos compañeros de clase, Winger forma un grupo de estudio en el que dominan las discusiones y la camaradería.;8
Arrested Development;https://image.tmdb.org/t/p/w500/p4r4RD7RsNcJVoz0H6z3dBoTBtW.jpg;Netflix;Comedia;Es la historia, ganadora del premio Emmy, de una familia adinerada que lo perdió todo y el hijo que tuvo que mantener a todos unidos.;7.9
The Fresh Prince of Bel-Air;https://image.tmdb.org/t/p/w500/nOsDVE1eE0mwFd6iKdpxlMHYEih.jpg;Netflix;Comedia;El príncipe de Bel-Air es una comedia de situación estadounidense, emitida originalmente en la NBC desde el 10 de septiembre de 1990 hasta el 20 de mayo de 1996. Will Smith protagoniza la serie interpretando a una versión ficticia de sí mismo, un adolescente de las calles de Filadelfia al que mandan con sus tíos ricos a una mansión de Bel-Air, en la cual su estilo de vida chocará con el de sus parientes. Los 148 episodios de la serie se emitieron en seis temporadas.;7.9
How I Met Your Mother;https://image.tmdb.org/t/p/w500/6bBgRoW5HniYbjIylWKLCJ5bVL6.jpg;Disney+;Comedia;How I Met Your Mother. Exitosa serie de la CBS que, en su primera temporada, obtuvo excelentes índices de audiencia además de ganar dos premios Emmy: uno a la dirección artística y otro a la fotografía. En el año 2030, Ted (Josh Radnor) relata a sus dos hijos adolescentes cómo conoció a su madre y cómo fue su vida hasta que, por fin, encontró el amor verdadero. Todo empezó cuando Marshall (Jason Segel), su mejor amigo, decidió casarse con Lily (Alyson Hannigan), su novia de toda la vida. Entonces Ted decidió lanzarse a la búsqueda del amor verdadero y formar una familia. Para conseguirlo contó con el apoyo de su amigo Barney (Neil Patrick Harris), un joven algo extravagante y muy hábil para conocer mujeres. Cuando, por fin, Ted conoce a Robin (Cobie Smulders), una impresionante joven canadiense que acaba de mudarse a Nueva York, está completamente seguro de que es amor a primera vista, pero el destino aún puede depararle muchas sorpresas.;8.1
The Marvelous Mrs. Maisel;https://image.tmdb.org/t/p/w500/xnUj7LiTJq2M5vbwJnzOZB2x4nc.jpg;Amazon Prime Video;Comedia;"Manhattan, año 1958. Miriam Midge Maisel (Rachel Brosnahan) es una mujer cuya vida como esposa y madre da un giro inesperado cuando descubre un talento desconocido para la comedia. Midge cambiará entonces su cómoda existencia en el Upper West Side para hacer monólogos. Una serie de la creador de ""Las chicas Gilmore"".";8.1
Vikings;https://image.tmdb.org/t/p/w500/m8iQ4ZObxGbSu0cs8xTOVTeZ9QX.jpg;Netflix;Drama;Sigue las aventuras de Ragnar Lothbrok, el héroe más grande de su época. La serie narra las sagas de la banda de hermanos vikingos de Ragnar y su familia, cuando él se levanta para convertirse en el rey de las tribus vikingas. Además de ser un guerrero valiente, Ragnar encarna las tradiciones nórdicas de la devoción a los dioses, la leyenda dice que él era un descendiente directo de Odín, el dios de la guerra y los guerreros.;8.1
Suits;https://image.tmdb.org/t/p/w500/nZsdLWlvZgA5waLpKl9koRg1VbJ.jpg;Netflix;Drama;Michael Ross se gana la vida sobre la delgada línea de la legalidad. Es un joven con una inteligencia abrumadora, pero las malas compañías con las que se junta en la universidad le hicieron salirse y buscar una opción más vistosa a corto plazo, mejorar su economía. Entre sus triquiñuelas destaca el número de veces que se presenta en nombre de otros a los exámenes de corte de derecho. El azar le acabará situando en el despacho de uno de los abogados más jóvenes y brillantes de Manhattan, Harvey Specter. La inteligencia y dotes de Michael le asombrarán tanto que le tomará como su pupilo, a pesar de que no tenga la licenciatura. Juntos trabajarán mano a mano, ocultándole al resto del mundo la verdad: que juntos sólo suman un sólo título universitario.;8.2
Lost in Space;https://image.tmdb.org/t/p/w500/f7xArCMZPBW7SoCsqsOXvc3X8Ry.jpg;Netflix;Ciencia ficción;El profesor John Robinson decide abandonar la Tierra, con problemas de sobrepoblación, y mudarse con su esposa y sus dos hijos a un planeta habitable del sistema Alpha Centauri. Para ello, emprenden un viaje espacial durante el que permanecerán en animación suspendida, en la nave Jupiter 2 pilotada por el comandante Donald West, el mejor amigo de Robinson. Un agente extranjero intenta sabotear el viaje, lo que provocará que el Jupiter 2 se desvíe de su trayectoria. Emblemática serie de los 60, inspirada libremente en la novela Los robinsones suizos, de J. R. Wyss, pero en clave de ciencia ficción. La acción comienza en 1997, un año que parecía muy lejano en el tiempo cuando se rodó la serie. En 1998 se rodó una versión cinematográfica.;7.1
The Umbrella Academy;https://image.tmdb.org/t/p/w500/5rhtcR1xl1tSmH3FcMH3IJ8gNGC.jpg;Netflix;Acción;Un grupo disuelto de superhéroes se reúne después de que su padre adoptivo, quien los entrenó para salvar el mundo, muere.;8.5
The Haunting of Hill House;https://image.tmdb.org/t/p/w500/zejY9M8YPgLX6gB7Hnt8vZRcYNF.jpg;Netflix;Terror;Sirviéndose de flashbacks, una familia rota se enfrenta a los perturbadores recuerdos de su viejo hogar y de los terroríficos eventos que hicieron que lo abandonaran.;8.1
The Expanse;https://image.tmdb.org/t/p/w500/8djpxDeWpINnGhjpFXQjnBe6zbx.jpg;Amazon Prime Video;Ciencia ficción;"Doscientos años en el futuro, en un sistema solar totalmente colonizado, el detective de la policía Miller, nacido en el Cinturón de Asteroides, es encargado con la misión de encontrar a una joven mujer desaparecida llamada Julie Mao.  Acompañando a Miller en su misión se encuentra James Holden, anteriormente primer oficial en un carguero de hielo, y quien estuvo involucrado en un incidente causado por las tensas relaciones entre la Tierra, Marte y el Cinturón. Pronto, ambos descubrirán que la mujer desaparecida es solo la punta del iceberg de una conspiración de inmensa magnitud que atentará contra la historia y la existencia de la Humanidad.

'The Expanse' es un 'thriller' futurista de ciencia ficción, escrito por Mark Fergus y Hawk Ostby, basado en la serie de novelas del mismo nombre. El proyecto ha sido desarrollado por la cadena SyFy US en colaboración con Alcon Entertainment.";8.1
Travelers;https://image.tmdb.org/t/p/w500/jgIRsrkSRFIA00RvSqhSUhePbAf.jpg;Netflix;Ciencia ficción;"Cientos de años en el futuro, los últimos supervivientes humanos sobre la Tierra descubren los medios para enviar su consciencia a través del tiempo al pasado, directamente a la gente del siglo XXI. Los viajeros asumen rápidamente las vidas de gente aparentemente elegida al azar mientras empiezan a trabajar de forma secreta en equipos para realizar misiones que salven la humanidad de un terrible futuro. Estos viajeros son: El agente especial del FBI Grant MacLaren (Eric McCormack), líder del equipo; Marcy (Mackenzie Porter), una mujer joven con discapacidad intelectual bajo el cuidado de su asistente social, David (Patrick Gilmore); Trevor (Jared Paul Abrahamson), mariscal de campo (quarterback) en el equipo de fútbol americano de su instituto; Carly (Nesta Marlee Cooper), madre soltera que se encuentra en una relación abusiva; y Philip (Reilly Dolman), un estudiante universitario adicto a la heroína. Armados solamente con su conocimiento sobre la historia y un archivo de perfiles de redes sociales, los viajeros descubren que las vidas y relaciones en el siglo XXI son un desafío tan grande como sus misiones de alto riesgo.";7.6
Black Sails;https://image.tmdb.org/t/p/w500/mZcSwrDdw6cdOVgXm496DgwrQcQ.jpg;Starzplay;Drama;Basada en la famosa novela ‘La isla del tesoro’, aventuras de piratas plagada de sangre, sexo y violencia, ‘Black Sails‘ sigue las aventuras con el capitán Flint, un famoso pirata que supuestamente depositó un tesoro en una isla. Flint estará acompañado de un grumete llamado Long John Silver.;7.6
Boardwalk Empire;https://image.tmdb.org/t/p/w500/kL6SqlVPpfAof2nQbh1VxkUuXBQ.jpg;HBO Max;Drama;"La Primera Guerra Mundial (1914-1918) ha terminado y Wall Street está a punto de explotar. Es una época de cambios: las mujeres obtienen el derecho al voto, la radio llega a los hogares y los jóvenes gobiernan el mundo. Atlantic City (Nueva Jersey) es un espectacular lugar de vacaciones en el que sólo se respetan las reglas impuestas por Enoch ""Nucky"" Thompson (Steve Buscemi). Basada en hechos reales, se inspira en la obra homónima de Nelson Johnson.";8
True Blood;https://image.tmdb.org/t/p/w500/uqsvvgC6CKGoGcfyqRyQVCjML4Q.jpg;HBO Max;Terror;"En un pueblo de Lousiana, una serie de brutales asesinatos hace peligrar la convivencia entre vampiros y seres humanos, que hasta entonces había sido pacífica gracias a una bebida japonesa hecha de sangre sintética. Sin embargo, algunos vampiros estaban descontentos porque preferían seguir alimentándose de sangre humana; pero también había hombres que no estaban satisfechos con esta situación. En estas circunstancias nace el polémico romance entre Bill Compton (Stephen Moyer, ""Quills""), el primer vampiro que llega al pueblo, y Sookie Stackhouse (Anna Paquin), una camarera clarividente. Nueva serie de la HBO realizada por Alan Ball (""A dos metros bajo tierra""). Basada en la serie de novelas 'Southern vampire', de la escritora norteamericana Charlaine Harris.";7.6
This Is Us;https://image.tmdb.org/t/p/w500/tZDcEfue6fDUcRJ6WxI1hhKPZrH.jpg;Amazon Prime Video;Drama;Esta provocativa y honesta serie sigue a un grupo de personas bastante particular que, de pronto, ven cómo sus vidas se entrelazan unas con otras de las maneras más curiosas posibles, explorando sus propios conflictos, privaciones y dificultades. Pronto descubren que muchos de ellos comparten elementos comunes en sus vidas (algunos de ellos cumplen año el mismo día), incluso más de lo que cualquiera de ellos podrían esperar. This is Us es una serie que mezcla elementos de comedia y drama, y en la que los personajes deben lidiar con los aspectos difíciles de la vida, demostrando que el amor es una fuerza imparable y que los humanos son capaces de resistir más de lo que creen.;8.2
Shameless (US);https://image.tmdb.org/t/p/w500/9akij7PqZ1g6zl42DQQTtL9CTSb.jpg;Netflix;Comedia;"En la peculiar familia Gallagher, Frank, un padre soltero y alcohólico, intenta educar a sus seis inteligentes, salvajes e independientes hijos.

Es un remake estadounidense de la serie británica del mismo nombre.";8.2
Killing Eve;https://image.tmdb.org/t/p/w500/6GuSeCFANzety0QPLigfCDOfYAv.jpg;HBO Max;Drama;Basada en las novelas de Luke Jennings, Killing Eve se centra en dos mujeres muy diferentes. Eve es una ingeniosa agente del MI5 cuyo aburrido trabajo se aleja de su sueño de ser espía. Villanelle es una asesina experta que disfruta de los lujos que su violento trabajo le brinda. Estas dos inteligentes e intensas mujeres se enfrentarán en un épico juego del gato y el ratón.;8
The Morning Show;https://image.tmdb.org/t/p/w500/oTfAheayTCWoselYuty8D6Lem2t.jpg;Apple TV+;Drama;Una mirada al interior de la vida de las personas que ayudan a Estados Unidos a despertarse cada mañana, explorando los desafíos únicos que enfrentan los hombres y mujeres que llevan a cabo este ritual televisado diario.;7.8
Oz;https://image.tmdb.org/t/p/w500/CwqqwYWnMOLUwsqAqveHNnwTGC.jpg;HBO Max;Drama;En el estado de Nueva York se encuentra la Penitenciaría Oswald, a la que casi todo el mundo conoce como Oz. No es una cárcel cualquiera, sino una prisión de máxima seguridad en la que existe una unidad experimental, la Ciudad Esmeralda, con la que se pretende conseguir la rehabilitación de los presos. Limpia, pulcra, moderna y hasta hermosa, la Ciudad Esmeralda no deja de ser, sin embargo, una prisión y, como todas, peligrosa. A pesar de las modernas instalaciones y del énfasis en la recompensa de la rehabilitación, la prioridad allí sigue siendo la supervivencia... y el miedo es el compañero constante.;8
GLOW;https://image.tmdb.org/t/p/w500/aqQlgRgUwVTfbdxe33vfDEMiCa2.jpg;Netflix;Comedia;En Los Ángeles de los años 80, un grupo de inadaptadas se convierten en populares luchadoras.;7.3
The Good Place;https://image.tmdb.org/t/p/w500/kgerDrwbGrjXZtS21OCy5LHVGGp.jpg;Netflix;Comedia;Eleanor (Kristen Bell) es una mujer de Phoenix que, tras ser atropellada por un camión que transportaba productos para la disfunción eréctil, despierta para descubrir que ha llegado al más allá. Su mentor, Michael (Ted Danson), le informa de que ahora se encuentra en El Lugar Bueno, “The Good Place”, por su comportamiento adecuado en su vida anterior. Pero... la han confundido con otra persona: ella era puro egoísmo en vida. Eleanor se plantea decir la verdad, hasta que descubre lo que le depara El Lugar Malo, el sitio a donde debería haber ido en realidad, así que decide ganarse un puesto en El Lugar Bueno tratando de aprender a ser buena persona, cosa muy complicada siendo como es.;8
The Sopranos;https://image.tmdb.org/t/p/w500/p7XPjx5jTFl32TGbbIW8exdY8QW.jpg;HBO Max;Drama;Los Soprano (The Sopranos) es una serie de televisión estadounidense creada y producida por David Chase. La serie se estrenó en Estados Unidos el 10 de enero de 1999 por el canal de televisión por cable HBO, que la emitió ininterrumpidamente hasta su desenlace, el 10 de junio de 2007. La trama de la serie gira en torno al mafioso de Nueva Jersey Tony Soprano (James Gandolfini) y las dificultades que enfrenta tanto en su hogar como en la organización criminal que dirige. A su vez, la serie también se centra en la historia de los personajes cercanos a Tony, especialmente su esposa Carmela (Edie Falco) y su sobrino y protegido Christopher Moltisanti (Michael Imperioli).;8.7
ER;https://image.tmdb.org/t/p/w500/bYSE2ER5LZlUAC9RFakZELHGD4u.jpg;HBO Max;Drama;Urgencias fue una serie de televisión producida en Estados Unidos por la cadena NBC. Tiene un perfil dramático. Fue creada por el novelista Michael Crichton. Trata acerca de lo que ocurre en la sala de urgencias del hospital ficticio County General en Cook County, Chicago, Illinois, y de la compleja vida personal de los médicos que trabajan en ella.;7.8
24;https://image.tmdb.org/t/p/w500/iq6yrZ5LEDXf1ArCOYLq8PIUBpV.jpg;Amazon Prime Video;Acción;"24 es una serie de televisión estadounidense del género de acción/drama que trata fundamentalmente el desempeño del agente federal Jack Bauer (Kiefer Sutherland), en la UAT (Unidad antiterrorista) de Los Ángeles. La serie también se enfoca en las actividades de otros agentes de la UAT, la participación de otras agencias gubernamentales, las acciones de diversos grupos terroristas y las reacciones en la Casa Blanca.

En un formato innovador, el espectador presencia la acción ""en tiempo real"": cada episodio de una hora representa una hora continua de acción de la trama. Cada temporada (compuesta por 24 capítulos) conforma así un día completo. Las sucesivas temporadas (si bien guardan una relación temporal y fáctica) no son contiguas, y relatan eventos cronológicamente distantes.";7.8
House MD;https://image.tmdb.org/t/p/w500/lW7MvZ4m49IUj2UrUu4z0xVVl81.jpg;Amazon Prime Video;Drama;"House M. D. es un drama médico Estadounidense que se emitió originalmente por la cadena Fox durante ocho temporadas, desde el 16 de noviembre de 2004 al 21 de mayo de 2012. El protagonista de la serie es el Dr. Gregory House, un médico nada convencional, genio, misántropo y adicto a las drogas que dirige un equipo de diagnósticos en el ""Princeton-Plainsboro Teaching Hospital"" (nombre ficticio) en Nueva Jersey.";8.6
The Flash;https://image.tmdb.org/t/p/w500/7ci4qqkBJorLxSBwTj28vwh0bU.jpg;Netflix;Acción;Después de que un acelerador de partículas cause una extraña tormenta, al investigador científico de la policía, Barry Allen, le cae un rayo y entra en coma. Meses después despierta con el poder de moverse a súper velocidad permitiéndole ser el ángel de la guardia de Central City. Aunque al principio se siente entusiasmado con sus nuevos poderes, Barry descubre que no es el único “meta-humano” que se originó tras la explosión del acelerador – y no todo el mundo está usando sus nuevos poderes para el bien. Los compañeros del laboratorio STAR dedican su vida a ayudar a Barry a proteger a los inocentes. Por ahora, solo algunos amigos cercanos saben que Barry es, literalmente, el hombre más rápido del mundo, pero no pasará mucho hasta que el mundo conozca que ahora Barry Allen es … Flash.;7.8
Arrow;https://image.tmdb.org/t/p/w500/u8ZHFj1jC384JEkTt3vNg1DfWEb.jpg;Netflix;Acción;"Después de un violento naufragio y tras haber desaparecido y creído muerto durante cinco años, el multimillonario playboy Oliver Queen es rescatado con vida en una isla del Pacífico. De vuelta en casa en Starling City, es recibido por su madre, su hermana y su mejor amigo, quienes rápidamente notan que la terrible experiencia sufrida lo ha cambiado. Por otra parte, trata de ocultar la verdad acerca de en quién se ha convertido mientras trata de enmendar los errores que cometió en el pasado y de reconciliarse con su ex novia, Laurel Lance. Mientras trata de volver a contactar a las personas de su pasado jugando el papel del mujeriego adinerado, despreocupado y descuidado que solía ser, ayudado por su fiel chofer y guardaespaldas John Diggle, crea en secreto el personaje de un justiciero encapuchado, un vigilante que lucha contra los males de la sociedad tratando de darle a su ciudad la gloria que antes tenía; complicando esta misión.";6.8
Supernatural;https://image.tmdb.org/t/p/w500/58Qaj36FZDz54H36LsUI8mGiW9y.jpg;Amazon Prime Video;Drama;Cuando eran niños, Sam y Dean Winchester, perdieron a su madre debido a una misteriosa y demoníaca fuerza supernatural. Posteriormente, su padre los crió para que fueran soldados. Él les enseño sobre el mal que vive en los rincones obscuros y en las carreteras secundarias de América... y también les enseñó como matarlo. Ahora los hermanos Winchester recorren el país en su Chevy Impala del '67, luchando contra todo tipo de amenaza sobrenatural que encuentran en el camino.;8.3
Legends of Tomorrow;https://image.tmdb.org/t/p/w500/RChURu0ZBfHQ5f5t3aDJiq0M4s.jpg;Netflix;Acción;Después de haber visto el futuro, el viajero del tiempo Rip Hunter tratará desesperadamente de evitarlo logrando la tarea de reunir a un dispar grupo de héroes y villanos para enfrentar una amenaza imparable, en la que no solo la seguridad del planeta está en juego sino el tiempo mismo.;7.3
Daredevil;https://image.tmdb.org/t/p/w500/zdjmPOMNlDpmqXLgNaGBT7jAiFj.jpg;Disney+;Acción;'Daredevil' es una serie cargada de acción que sigue las aventuras de Matt Murdock -abogado de día y superhéroe de noche- en el barrio de la ciudad de Nueva York conocido como Hell’s Kitchen. Matt quedó ciego tras un accidente de niño, pero ahora tiene los otros cuatro sentidos incrementados y se dedica a luchar contra la injusticia como el superhéroe Daredevil.;8.2
Jessica Jones;https://image.tmdb.org/t/p/w500/b3EVT7sSX8Y8L3OekYWyKLRS1Jt.jpg;Disney+;Acción;Jessica Jones, es una serie de televisión estadounidense creada por Netflix y basada en el personaje del mismo nombre de los cómics de Marvel. Una mujer con superpoderes decide renegar de ellos e iniciar una vida nueva ejerciendo como detective privada.;7.5
Luke Cage;https://image.tmdb.org/t/p/w500/6R62oGGufhsf6DiMknCi047N0b7.jpg;Disney+;Acción;Un expresidiario encapuchado y de piel impenetrable lucha por limpiar su nombre y salvar su barrio. Él no buscaba pelea, pero la gente necesita un héroe.;6.9
Iron Fist;https://image.tmdb.org/t/p/w500/ywrvjIgK5K9Ff8RddgdFI3kfDqT.jpg;Disney+;Acción;Danny Rand reaparece 15 años después de ser dado por muerto. Ahora, armado con un increíble poder, tratará de recuperar su pasado y cumplir su destino.;6.5
The Punisher;https://image.tmdb.org/t/p/w500/8OdIbo68mFE4w6jXA20aL8ocPsE.jpg;Disney+;Acción;Un antiguo marine decidido a castigar a los asesinos de su familia termina atrapado en una conspiración militar.;8.1
Agents of S.H.I.E.L.D.;https://image.tmdb.org/t/p/w500/dW0qrzdW0XaxuK8hCVXLOh9H0Hl.jpg;Disney+;Acción;"El agente Phil Coulson, de la película ""Los vengadores"", regresa para liderar a un pequeño grupo de agentes altamente capacitados en el campo.";7.5
Fringe;https://image.tmdb.org/t/p/w500/cp1T5g1bVkxFciXR10kiiS381qt.jpg;Amazon Prime Video;Ciencia ficción;La agente del FBI Olivia Dunham y su jefe, el agente Broyles, se encargan de esclarecer fenómenos inexplicables. En sus investigaciones, cuentan con la ayuda del doctor Bishop, un científico despistado que sabe más de lo que parece, y de su hijo Peter.;8.1
Battlestar Galactica;https://image.tmdb.org/t/p/w500/vQuR5L1TcKPmfZu7NpiZAcGGcxJ.jpg;Amazon Prime Video;Ciencia ficción;"Reinvención de la serie con el mismo nombre de 1978, creada por Glen A. Larson. La historia se sitúa en un sistema lejano del universo, donde la civilización humana vive en un grupo de planetas conocidos como las doce Colonias. En el pasado estuvieron en guerra contra los Cylon, una raza cibernética creada por ellos mismos. Inesperadamente ese viejo enemigo reaparece lanzando un ataque que devasta a casi toda la población humana de los planetas. Battlestar Galactica parece ser la única nave superviviente de la Flota Colonial. Así, bajo el liderazgo del comandante William ""Bill"" Adama y la nueva presidenta, Laura Roslin, la tripulación de Battlestar Galactica asume la tarea de guiar a lo que queda de la raza humana por el espacio, en busca de un refugio legendario, conocido como Tierra.";8.2
Star Trek: Discovery;https://image.tmdb.org/t/p/w500/xwpOHgym48Ftz7fbJq5te5xoiwu.jpg;Paramount+;Ciencia ficción;La emblemática saga vuelve con una serie fresca, con nuevos personajes y una nueva nave. Su misión: explorar nuevos mundos y dar esperanzas a las futuras generaciones.;7
Star Trek: Picard;https://image.tmdb.org/t/p/w500/bONYUEn7iMFCebhDuqNG7hqqwoO.jpg;Paramount+;Ciencia ficción;"Serie ambientada 18 años después de la última aparición de Jean-Luc Picard en ""Star Trek: Nemesis"", y encuentra al personaje profundamente afectado por la destrucción de Romulus como se muestra en la película ""Star Trek"" (2009).";7.3
Star Trek: Strange New Worlds;https://image.tmdb.org/t/p/w500/w6KapI2JvrCkOPmQhkwYPJNjqeo.jpg;Paramount+;Ciencia ficción;El capitán Pike, el oficial científico Spock y Number One exploran nuevos mundos alrededor de la galaxia a bordo de la USS Enterprise.;8.1
The West Wing;https://image.tmdb.org/t/p/w500/l9Nu2p9kg9xdEqxvrMpv483EFoH.jpg;Amazon Prime Video;Drama;El presidente demócrata Josiah Bartlet lidera una de las naciones más poderosas del mundo con la devoción y la convicción de creer fervientemente en que lo que hace es lo mejor para su país. La serie se desarrolla, fundamentalmente, en los pasillos, despachos y salas de la Casa Blanca, mostrándonos los entresijos del febril trabajo que allí tiene lugar y los problemas diarios a los que se han de enfrentar. Es en esta atmósfera de conflicto donde el equipo de la Casa Blanca va a tener que esforzarse hasta límites insospechados para seguir defendiendo su credibilidad de cara a las reelecciones y a los Estados Unidos de amenazas externas.;8.3
The Newsroom;https://image.tmdb.org/t/p/w500/sPGLPCV7LapdRGXAoGvFwRhb8zD.jpg;HBO Max;Drama;The tumultuous TV newsroom world of overbearing regional news director George Findlay, who is solely motivated by casualty statistics which will improve his ratings.;8
Billions;https://image.tmdb.org/t/p/w500/bD8I9H67IOOLojcG2INUbhL7vRZ.jpg;Amazon Prime Video;Drama;"El fiscal Chuck Rhoades inicia una cruzada contra Bobby ""Axe"" Axelrod, un titán de las altas finanzas, dando así inicio a una batalla entre dos de las figuras más poderosas de Nueva York.";7.7
Mr. Robot;https://image.tmdb.org/t/p/w500/mXxD21JhhW3kRGCSFifWs2xJXbT.jpg;Amazon Prime Video;Drama;Sigue a un misterioso anarquista que recluta a un joven programador de computadoras (Malek) que sufre de un trastorno antisocial y se conecta a la gente pirateándolos.;8.3
The Blacklist;https://image.tmdb.org/t/p/w500/2jDYeTaDSIYnVOS4BD3d17JBkfP.jpg;Amazon Prime Video;Drama;El criminal más buscado del mundo, Thomas Raymond Reddington, se entrega misteriosamente y se ofrece a delatar a todos los que alguna vez han colaborado con él. Su única condición: sólo colaborará con Elisabeth King, una nueva agente del FBI, con quien parece tener alguna conexión que ella desconoce.;7.6
NCIS;https://image.tmdb.org/t/p/w500/i5dZG5SJ7NuApNneDDeJdz3k0Dl.jpg;Amazon Prime Video;Drama;Gibbs, agente especial del servicio de investigación criminal de la armada, dirige un equipo extravagante para resolver crímenes que van desde el terrorismo y el espionaje hasta el terrorismo.;7.6
CSI: Crime Scene Investigation;https://image.tmdb.org/t/p/w500/i5hmoRjHNWady4AtAGICTUXknKH.jpg;Amazon Prime Video;Drama;CSI: Crime Scene Investigation es una serie de televisión de ficción estadounidense transmitida por primera vez en los Estados Unidos por la cadena CBS. La serie se centra en torno a un grupo de científicos forenses y criminologos que trabajan en la ciudad estadounidense de Las Vegas (Nevada), investigando los crímenes que en ella suceden. La original fórmula de la serie y su éxito suscitó dos secuelas, CSI: Miami (2002-2012) y CSI: Nueva York (2004-2013), en torno a los equipos de científicos forenses de dichas ciudades, pero además influye en varias series posteriores relacionadas con la investigación criminal, como Bones o NCIS entre otras.;7.6
Law & Order: SVU;https://image.tmdb.org/t/p/w500/2Rk9me3Jlho02Y9RRTodfuiWULy.jpg;Amazon Prime Video;Drama;"‘Ley y Orden: Unidad de Víctimas Especiales’ es una serie de televisión estadounidense grabada en Nueva York donde es también principalmente producida. Con el estilo de la original ‘Ley y Orden’ los episodios son usualmente ""sacados de los titulares"" o basados libremente en verdaderos asesinatos que han recibido la atención de los medios.";7.9
The Good Wife;https://image.tmdb.org/t/p/w500/bN3KlymMHYNDrrpd7X0CsUw1h8G.jpg;Amazon Prime Video;Drama;The Good Wife es un drama protagonizado por Julianna Margulies como la esposa y madre que asume toda la responsabilidad de su familia entrando a trabajar después de que su esposo fue encarcelado por un escándalo político y sexual. Alicia Florrick hizo a un lado la humillación que le causó su esposo Peter e inició una nueva vida siguiendo su carrera como abogada de defensa en una de las firmas de abogados más respetadas en Chicago.;7.6
Big Little Lies;https://image.tmdb.org/t/p/w500/b4HNJOc2N6SGyEhf2RagdpAKBK6.jpg;HBO Max;Drama;Una oscura y misteriosa historia sobre tres madres (Madeline, Celeste y Jane) del norte de California cuyas vidas, aparentemente perfectas, se ven sorprendidas por un asesinato durante un evento para recaudar fondos del colegio de primaria. Celeste es una mujer con una vida familiar perfecta y un esposo ejemplar. Sin embargo, luchará por conseguir algo que le quita el sueño todas las noches. Madeline es una madre atrevida, divertida, pero tendrá que soportar que su exmarido y su actual mujer vivan en la misma ciudad que ella. Por su parte, Jane, una madre soltera y su llegada a la nueva ciudad no será todo lo placentera que pudiera imaginar.;7.9
Euphoria;https://image.tmdb.org/t/p/w500/6Sdm5XwdCnspdEF8fTFx6UJrl7o.jpg;HBO Max;Drama;Una reflexión sobre la adolescencia a través de un grupo de estudiantes de instituto que tienen que hacer frente a temas recurrentes de su edad, como la droga, el sexo y la violencia.;8.3
Stranger;https://image.tmdb.org/t/p/w500/uOOtwVbSr4QDjAGIifLDwpb2Pdl.jpg;Netflix;Drama;A raíz de la desaparición de un niño, un pueblo desvela un misterio relacionado con experimentos secretos, fuerzas sobrenaturales aterradoras y una niña muy extraña.;8.6
Kingdom;https://image.tmdb.org/t/p/w500/xkRyopANOnO60KWm6DjozXlq9w4.jpg;Netflix;Drama;"Situada en Venice, California, Alvey ""King"" Kulina (Frank Grillo) dirige un gimnasio de artes marciales mixtas, mientras intenta educar a su hijo mayor, Jay (Jonathan Tucker) y formar a su hijo menor, Nate (Nick Jonas). ";6.9
Hannibal;https://image.tmdb.org/t/p/w500/pbV2eLnKSIm1epSZt473UYfqaeZ.jpg;Netflix;Terror;Hannibal es una serie de televisión estadounidense desarrollada por Bryan Fuller para la NBC. La serie trata sobre personajes de la novela Dragón Rojo de Thomas Harris y se centra en la relación amistosa entre el investigador especial del FBI Will Graham y el Dr. Hannibal Lecter, un psiquiatra forense destinado a ser el némesis de Graham.;8.2
Bates Motel;https://image.tmdb.org/t/p/w500/xXKcfZE7ulYxgjjYv51s0zDG69s.jpg;Netflix;Terror;Precuela contemporánea de la película Psicosis, que nos hace un retrato íntimo de cómo se desarrolla la psique de Norman Bates durante sus años de adolescencia. Los fans descubrirán su historia de trasfondo oscuro y retorcido y conocerán de primera mano cuán profundamente intrincada es la relación con su madre, Norma, y cómo ello ayudó a forjar a uno de los asesinos en serie más famoso de todos los tiempos.;8.1
Deadwood;https://image.tmdb.org/t/p/w500/4Yp35DVbVOAWkfQUIQ7pbh3u0aN.jpg;HBO Max;Drama;"Deadwood recrea la historia de la ciudad homónima del Estado de Montana durante el siglo XIX. El pueblo de Deadwood, existente en la realidad, aún hoy mantiene vivo el recuerdo de sus primeros colonos buscadores de oro. La serie ofrece una buena combinación de personajes reales, tramas noveladas y leyendas que narran las vivencias de una ciudad sin ley en un territorio robado. La serie presenta temas clásicos del género del western: juegos de azar, tiroteos, ahorcamientos, duelos, indios y colonos, nómadas buscadores de o y las chicas del Salloon; sin dejar de lado a los míticos personajes sacados de la vida real como Calamity Jane o Wild Bill.";8.1
The Leftovers;https://image.tmdb.org/t/p/w500/ri8xr223xBb2TeHX3GKypvQPV2B.jpg;HBO Max;Drama;Cuando el 2% de la población mundial desaparece de forma literal y abrupta, sin explicación alguna, quedando sólo sus ropas en el sitio en el que sus cuerpos de evaporaron, el resto de la población de la Tierra comienza a intentar comprender lo que ha pasado, y sobre todo lo que se supone que deben hacer al respecto. Uno de estas personas es el jefe de la policía de un pequeño suburbio de Nueva York, padre de dos hijos, que trata de mantener cierta apariencia de normalidad.;7.6
Six Feet Under;https://image.tmdb.org/t/p/w500/Al4RjjnnTNyLEn5idIxl2zfqYV5.jpg;HBO Max;Drama;El día de Nochebuena, cuando Nathaniel Fisher esperaba la llegada de su hijo Nate, muere en un accidente de coche. La dominante madre del chico, Ruth, tiene una aventura. Su hermano David, un gay que no ha salido del armario, dirige el negocio familiar, y su hermana Claire es una problemática adolescente que consume drogas. La única persona aparentemente normal de la vida de Nate es Brenda, una apasionada mujer a la que conoce en un avión.;8.1
The Americans;https://image.tmdb.org/t/p/w500/w1UBlxEXhbKe8sp0fxFZh7MqTce.jpg;Amazon Prime Video;Drama;Drama de época cuyos protagonistas son un matrimonio de espías del KGB que, en los años 80, viven cerca de Washington DC y se hacen pasar por estadounidenses. Phillip y Elizabeth Jennings tienen dos hijos que no saben nada sobre la verdadera identidad de sus padres. Tendrán que afrontar situaciones muy difícles debido al recrudecimiento de la Guerra Fría durante la presidencia de Ronald Reagan. Otro problema no menor es la creciente afinidad que siente Phillip por el modo de vida americano.;7.9
Girls;https://image.tmdb.org/t/p/w500/ikyT3hnELofnYRsPIqVGgUhDbOT.jpg;HBO Max;Comedia;"Serie que describe la vida de un grupo de amigas veinteañeras que tratan de encontrar su camino profesional y sentimental en Nueva York. Su lema es: ""Viviendo su sueño. Un error cada vez"". Todo comienza cuando la aspirante a escritora Hannah recibe la visita de sus padres de Michigan anunciándole que a partir de ese momento no le van a dar más dinero para sus gastos, pues se graduó hace dos años y tiene que empezar a apañárselas sola.";6.3
Orange Is the New Black;https://image.tmdb.org/t/p/w500/ekaa7YjGPTkFLcPhwWXTnARuCEU.jpg;Netflix;Comedia;Las consecuencias de un antiguo delito le pasan factura a una rica neoyorquina que acaba en una cárcel para mujeres. Allí hace amistades y algún que otro enemigo.;7.7
Mr. Bean;https://image.tmdb.org/t/p/w500/8RzacJ668ozLFT0a5UNEoqm0SWw.jpg;Netflix;Comedia;"Mr. Bean es una serie animada del año 2002 basada en la serie británica del mismo nombre de los años 90, creada por Varga Studio. Se incluyen los personajes de la serie original: Mr. Bean, Irma Gobb, Teddy, y el conductor misterioso del Reliant Supervan; con la nueva introducción de la Sra. Wicket, la patrona de Mr. Bean, y su malvado gato Scrapper.";6.8
The IT Crowd;https://image.tmdb.org/t/p/w500/qZXkBoOUYzvKI4UCMzDQ5kqWHjh.jpg;Amazon Prime Video;Comedia;En un desordenado sótano en las entrañas de Industrias Reynholm habitan Roy y Moss, los componentes del Departamento de informática. Víctimas del desprecio y del escarnio de sus compañeros más guays, su mundo de servidores y cortafuegos se ve interrumpido por la llegada de Jen, su nueva jefa, que sabe tanto de ordenadores como un yak. ;8.2
